vendor_id,raw_field_name,canonical_field_name,target_type,mapping_config_version,mapping_priority
ASTECH,invoice_date,line_date,date,v1,1
ASTECH,invoice_no,original_invoice_number,string,v1,1
ASTECH,work_order_no,work_order_number,string,v1,1
ASTECH,ro_no,ro_number,string,v1,1
ASTECH,outstanding_amount,amount_remaining,decimal,v1,1
ASTECH,outstanding_amount,charge_amount,decimal,v1,1
ASTECH,due_date,due_date,date,v1,1
FRED_BEANS_PARTS,date,line_date,date,v1,1
FRED_BEANS_PARTS,transaction_code,transaction_code,string,v1,1
FRED_BEANS_PARTS,invoice_number,original_invoice_number,string,v1,1
FRED_BEANS_PARTS,charges,charge_amount,decimal,v1,1
FRED_BEANS_PARTS,credits,payment_amount,decimal,v1,1
FRED_BEANS_PARTS,amount_due,amount_remaining,decimal,v1,1
FRED_BEANS_PARTS,remit_invoice_no,invoice_number_ref,string,v1,1
FRED_BEANS_PARTS,remit_amount_due,,,v1,1
KEYSTONE_AUTOMOTIVE_INDUSTRIES,reference_date,line_date,date,v1,1
KEYSTONE_AUTOMOTIVE_INDUSTRIES,reference_number,original_invoice_number,string,v1,1
KEYSTONE_AUTOMOTIVE_INDUSTRIES,purchase_order_number,po_number,string,v1,1
KEYSTONE_AUTOMOTIVE_INDUSTRIES,credit_applied,,,v1,1
KEYSTONE_AUTOMOTIVE_INDUSTRIES,period_activity,charge_amount,decimal,v1,1
KEYSTONE_AUTOMOTIVE_INDUSTRIES,balance_forward,charge_amount,decimal,v1,2
KEYSTONE_AUTOMOTIVE_INDUSTRIES,balance_due,amount_remaining,decimal,v1,1
QUIRK_AUTO_GROUP,date,line_date,date,v1,1
QUIRK_AUTO_GROUP,source,transaction_code,string,v1,1
QUIRK_AUTO_GROUP,invoice,original_invoice_number,string,v1,1
QUIRK_AUTO_GROUP,reference,invoice_number_ref,string,v1,1
QUIRK_AUTO_GROUP,description,description_raw,string,v1,1
QUIRK_AUTO_GROUP,amount,charge_amount,decimal,v1,1
QUIRK_AUTO_GROUP,age_in_days,age_in_days,integer,v1,1
QUIRK_AUTO_GROUP,remit_date,,,v1,1
QUIRK_AUTO_GROUP,remit_invoice,,,v1,1
QUIRK_AUTO_GROUP,remit_balance,,,v1,1
EMPIRE_AUTO_PARTS,transaction_date,line_date,date,v1,1
EMPIRE_AUTO_PARTS,description,description_raw,string,v1,1
EMPIRE_AUTO_PARTS,doc_no,original_invoice_number,string,v1,1
EMPIRE_AUTO_PARTS,your_po_no,po_number,string,v1,1
EMPIRE_AUTO_PARTS,orig_inv_no,invoice_number_ref,string,v1,1
EMPIRE_AUTO_PARTS,amount,charge_amount,decimal,v1,1
EMPIRE_AUTO_PARTS,due_date,due_date,date,v1,1
EMPIRE_AUTO_PARTS,balance,amount_remaining,decimal,v1,1
BOWSER,DATE,line_date,date,v1,1
BOWSER,UNLABELED_TRANSACTION_CODE,transaction_code,string,v1,1
BOWSER,UNLABELED_TRANSACTION_CODE_2,transaction_code_2,string,v1,1
BOWSER,DOCUMENT / TRANSACTION,original_invoice_number,string,v1,1
BOWSER,PURCHASES,charge_amount,decimal,v1,1
BOWSER,PAYMENTS & CREDITS,payment_amount,decimal,v1,1
BOWSER,BALANCE,amount_remaining,decimal,v1,1
NUCAR,Invoice Date,line_date,date,v1,1
NUCAR,Invoice#,original_invoice_number,string,v1,1
NUCAR,Purchases,charge_amount,decimal,v1,1
NUCAR,Payments,payment_amount,decimal,v1,1
NUCAR,Balance,amount_remaining,decimal,v1,1
NUCAR,DATE,line_date,date,v1,1
NUCAR,SOURCE,transaction_code,string,v1,1
NUCAR,INVOICE,original_invoice_number,string,v1,1
NUCAR,REFERENCE,invoice_number_ref,string,v1,1
NUCAR,DESCRIPTION,description_raw,string,v1,1
NUCAR,AMOUNT,charge_amount,decimal,v1,1
NUCAR,AGE IN DAYS,age_in_days,integer,v1,1
RH_LONG_MOTOR_SALES,TRANSACTION DATE,line_date,date,v1,1
RH_LONG_MOTOR_SALES,REFER#,original_invoice_number,string,v1,1
RH_LONG_MOTOR_SALES,PO#/MEMO,po_number,string,v1,1
RH_LONG_MOTOR_SALES,JR,transaction_code,string,v1,1
RH_LONG_MOTOR_SALES,CHARGES,charge_amount,decimal,v1,1
RH_LONG_MOTOR_SALES,PYMTS/CR,payment_amount,decimal,v1,1
RH_LONG_MOTOR_SALES,BALANCE DUE,amount_remaining,decimal,v1,1
DOWNEAST_TOYOTA,DATE,line_date,date,v1,1
DOWNEAST_TOYOTA,DOCUMENT / TRANSACTION,original_invoice_number,string,v1,1
DOWNEAST_TOYOTA,PURCHASES,charge_amount,decimal,v1,1
DOWNEAST_TOYOTA,PAYMENTS & CREDITS,payment_amount,decimal,v1,1
DOWNEAST_TOYOTA,BALANCE,amount_remaining,decimal,v1,1
NYE_AUTOMOTIVE_GROUP,DATE,line_date,date,v1,1
NYE_AUTOMOTIVE_GROUP,SOURCE,transaction_code,string,v1,1
NYE_AUTOMOTIVE_GROUP,INVOICE,original_invoice_number,string,v1,1
NYE_AUTOMOTIVE_GROUP,REFERENCE,invoice_number_ref,string,v1,1
NYE_AUTOMOTIVE_GROUP,DESCRIPTION,description_raw,string,v1,1
NYE_AUTOMOTIVE_GROUP,AMOUNT,charge_amount,decimal,v1,1
NYE_AUTOMOTIVE_GROUP,AGE IN DAYS,age_in_days,integer,v1,1
HOSELTON,DATE,line_date,date,v1,1
HOSELTON,SOURCE,transaction_code,string,v1,1
HOSELTON,INVOICE,original_invoice_number,string,v1,1
HOSELTON,REFERENCE,invoice_number_ref,string,v1,1
HOSELTON,DESCRIPTION,description_raw,string,v1,1
HOSELTON,AMOUNT,charge_amount,decimal,v1,1
HOSELTON,AGE IN DAYS,age_in_days,integer,v1,1
BERLIN_CITY_AUTO_GROUP,DATE,line_date,date,v1,1
BERLIN_CITY_AUTO_GROUP,DOCUMENT,original_invoice_number,string,v1,1
BERLIN_CITY_AUTO_GROUP,DESCRIPTION,description_raw,string,v1,1
BERLIN_CITY_AUTO_GROUP,AMOUNT,charge_amount,decimal,v1,1
ABC_PARTS_INTERNATIONAL,date,line_date,date,v1,1
ABC_PARTS_INTERNATIONAL,so_reference,original_invoice_number,string,v1,1
ABC_PARTS_INTERNATIONAL,invoice_number,original_invoice_number,string,v1,2
ABC_PARTS_INTERNATIONAL,po_number,po_number,string,v1,1
ABC_PARTS_INTERNATIONAL,description,description_raw,string,v1,1
ABC_PARTS_INTERNATIONAL,original_amount,charge_amount,decimal,v1,1
ABC_PARTS_INTERNATIONAL,credit,payment_amount,decimal,v1,1
ABC_PARTS_INTERNATIONAL,remaining_balance,amount_remaining,decimal,v1,1
ALL_STAR_AUTO_LIGHTS,date,line_date,date,v1,1
ALL_STAR_AUTO_LIGHTS,due_date,due_date,date,v1,1
ALL_STAR_AUTO_LIGHTS,invoice_number,original_invoice_number,string,v1,1
ALL_STAR_AUTO_LIGHTS,po_number,po_number,string,v1,1
ALL_STAR_AUTO_LIGHTS,transaction_type,description_raw,string,v1,1
ALL_STAR_AUTO_LIGHTS,invoice_amount,charge_amount,decimal,v1,1
ALL_STAR_AUTO_LIGHTS,pymt_credit,payment_amount,decimal,v1,1
ALL_STAR_AUTO_LIGHTS,open_balance,amount_remaining,decimal,v1,1
FENIX_NE,date,line_date,date,v1,1
FENIX_NE,type,transaction_code,string,v1,1
FENIX_NE,reference_number,original_invoice_number,string,v1,1
FENIX_NE,po_chk_number,po_number,string,v1,1
FENIX_NE,description,description_raw,string,v1,1
FENIX_NE,charged,charge_amount,decimal,v1,1
FENIX_NE,paid,payment_amount,decimal,v1,1
FENIX_NE,due,amount_remaining,decimal,v1,1
BALD_HILL,DATE,line_date,date,v1,1
BALD_HILL,SRC,transaction_code,string,v1,1
BALD_HILL,REF NO.,original_invoice_number,string,v1,1
BALD_HILL,CHARGES,charge_amount,decimal,v1,1
BALD_HILL,CREDITS,payment_amount,decimal,v1,1
BALD_HILL,BALANCE,amount_remaining,decimal,v1,1
BLAISE_ALEXANDER,DATE,line_date,date,v1,1
BLAISE_ALEXANDER,SOURCE,transaction_code,string,v1,1
BLAISE_ALEXANDER,INVOICE,original_invoice_number,string,v1,1
BLAISE_ALEXANDER,REFERENCE,invoice_number_ref,string,v1,1
BLAISE_ALEXANDER,DESCRIPTION,description_raw,string,v1,1
BLAISE_ALEXANDER,AMOUNT,charge_amount,decimal,v1,1
BLAISE_ALEXANDER,AGE IN DAYS,age_in_days,integer,v1,1
CLINTON_HONDA,DATE,line_date,date,v1,1
CLINTON_HONDA,DOCUMENT / TRANSACTION,original_invoice_number,string,v1,1
CLINTON_HONDA,PURCHASES,charge_amount,decimal,v1,1
CLINTON_HONDA,PAYMENTS & CREDITS,payment_amount,decimal,v1,1
CLINTON_HONDA,BALANCE,amount_remaining,decimal,v1,1
RIVIAN_LLC,doc_date,line_date,date,v1,1
RIVIAN_LLC,due_date,due_date,date,v1,1
RIVIAN_LLC,invoice_number,original_invoice_number,string,v1,1
RIVIAN_LLC,order_number,po_number,string,v1,1
RIVIAN_LLC,invoice_amount,charge_amount,decimal,v1,1
RIVIAN_LLC,balance,amount_remaining,decimal,v1,1
DARLINGS_AUTO_GROUP,Date,line_date,date,v1,1
DARLINGS_AUTO_GROUP,Invoice Number,original_invoice_number,string,v1,1
DARLINGS_AUTO_GROUP,Charges,charge_amount,decimal,v1,1
DARLINGS_AUTO_GROUP,Pymts /Credits,payment_amount,decimal,v1,1
DARLINGS_AUTO_GROUP,Amount Due,amount_remaining,decimal,v1,1
NATIONAL_COATINGS_AND_SUPPLIES,Trans Date,line_date,date,v1,1
NATIONAL_COATINGS_AND_SUPPLIES,Date Due,due_date,date,v1,1
NATIONAL_COATINGS_AND_SUPPLIES,Trans ID / Alt ID,original_invoice_number,string,v1,1
NATIONAL_COATINGS_AND_SUPPLIES,Check / PO No.,po_number,string,v1,1
NATIONAL_COATINGS_AND_SUPPLIES,Trans Type,transaction_code,string,v1,1
NATIONAL_COATINGS_AND_SUPPLIES,Amount,charge_amount,decimal,v1,1
NATIONAL_COATINGS_AND_SUPPLIES,Balance,amount_remaining,decimal,v1,1
A_NEW_AGE_AUTO_GLASS,Date,line_date,date,v1,1
A_NEW_AGE_AUTO_GLASS,Order Number,original_invoice_number,string,v1,1
A_NEW_AGE_AUTO_GLASS,Total,charge_amount,decimal,v1,1
A_NEW_AGE_AUTO_GLASS,Customer Name,description_raw,string,v1,1
PARTS_BY_COCHRAN,DATE,line_date,date,v1,1
PARTS_BY_COCHRAN,UNLABELED_TRANSACTION_CODE,transaction_code,string,v1,1
PARTS_BY_COCHRAN,DOCUMENT / TRANSACTION,original_invoice_number,string,v1,1
PARTS_BY_COCHRAN,PURCHASES,charge_amount,decimal,v1,1
PARTS_BY_COCHRAN,PAYMENTS & CREDITS,payment_amount,decimal,v1,1
PARTS_BY_COCHRAN,BALANCE,amount_remaining,decimal,v1,1
GRAPPONE,date,line_date,date,v1,1
GRAPPONE,dept_code,transaction_code,string,v1,1
GRAPPONE,dept_name,description_raw,string,v1,1
GRAPPONE,document,original_invoice_number,string,v1,1
GRAPPONE,purchases,charge_amount,decimal,v1,1
GRAPPONE,payments_credits,payment_amount,decimal,v1,1
GRAPPONE,balance,amount_remaining,decimal,v1,1
GATES_GMC_NISSAN,TRANSACTION DATE,line_date,date,v1,1
GATES_GMC_NISSAN,INVOICE#,original_invoice_number,string,v1,1
GATES_GMC_NISSAN,AMOUNT,charge_amount,decimal,v1,1
GATES_GMC_NISSAN,MEMO/PO#,po_number,string,v1,1
GATES_GMC_NISSAN,TRANSACTION,description_raw,string,v1,1
GATES_GMC_NISSAN,BALANCE DUE,amount_remaining,decimal,v1,1
LENTINI_AUTO_SALVAGE,Date,line_date,date,v1,1
LENTINI_AUTO_SALVAGE,Invoice #,original_invoice_number,string,v1,1
LENTINI_AUTO_SALVAGE,Reference,invoice_number_ref,string,v1,1
LENTINI_AUTO_SALVAGE,Amount,charge_amount,decimal,v1,1
LENTINI_AUTO_SALVAGE,Balance,amount_remaining,decimal,v1,1
MASTRIA,date,line_date,date,v1,1
MASTRIA,txn_code,transaction_code,string,v1,1
MASTRIA,dept_code,description_raw,string,v1,1
MASTRIA,document,original_invoice_number,string,v1,1
MASTRIA,purchases,charge_amount,decimal,v1,1
MASTRIA,payments_credits,payment_amount,decimal,v1,1
MASTRIA,balance,amount_remaining,decimal,v1,1
GOODWINS,DATE,line_date,date,v1,1
GOODWINS,SOURCE,transaction_code,string,v1,1
GOODWINS,INVOICE,original_invoice_number,string,v1,1
GOODWINS,REFERENCE,invoice_number_ref,string,v1,1
GOODWINS,DESCRIPTION,description_raw,string,v1,1
GOODWINS,AMOUNT,charge_amount,decimal,v1,1
GOODWINS,AGE IN DAYS,age_in_days,integer,v1,1
LKQ,Reference Date,line_date,date,v1,1
LKQ,Reference Number,original_invoice_number,string,v1,1
LKQ,Purchase Order Number,po_number,string,v1,1
LKQ,Period Activity,charge_amount,decimal,v1,1
LKQ,Credit Applied,charge_amount,decimal,v1,2
LKQ,Balance Due,amount_remaining,decimal,v1,1
NAPA_AUTO_PARTS,Inv Date,line_date,date,v1,1
NAPA_AUTO_PARTS,DATE,line_date,date,v1,2
NAPA_AUTO_PARTS,Due Date,due_date,date,v1,1
NAPA_AUTO_PARTS,Type Code,transaction_code,string,v1,1
NAPA_AUTO_PARTS,TYPE,transaction_code,string,v1,2
NAPA_AUTO_PARTS,Invoice #,original_invoice_number,string,v1,1
NAPA_AUTO_PARTS,REFERENCE,original_invoice_number,string,v1,2
NAPA_AUTO_PARTS,P.O. #,po_number,string,v1,1
NAPA_AUTO_PARTS,P.O./CHECK/J.E.,po_number,string,v1,2
NAPA_AUTO_PARTS,Open Amount,charge_amount,decimal,v1,1
NAPA_AUTO_PARTS,AMOUNT,charge_amount,decimal,v1,2
NAPA_AUTO_PARTS,Explanation,description_raw,string,v1,1
1800_RADIATOR,Date,line_date,date,v1,1
1800_RADIATOR,Item,transaction_code,string,v1,1
1800_RADIATOR,Ref#,original_invoice_number,string,v1,1
1800_RADIATOR,Description,description_raw,string,v1,1
1800_RADIATOR,Amount,charge_amount,decimal,v1,1
CONTINENTAL_AUTO_PARTS,Trans Date,line_date,date,v1,1
CONTINENTAL_AUTO_PARTS,Invoice,original_invoice_number,string,v1,1
CONTINENTAL_AUTO_PARTS,Type,transaction_code,string,v1,1
CONTINENTAL_AUTO_PARTS,PO No / RA No / Ck No,po_number,string,v1,1
CONTINENTAL_AUTO_PARTS,PO No/RA No/Ck No,po_number,string,v1,2
CONTINENTAL_AUTO_PARTS,Invoice / Credit,charge_amount,decimal,v1,1
CONTINENTAL_AUTO_PARTS,Invoice/Credit,charge_amount,decimal,v1,2
BILL_DODGE,Invoice Date,line_date,date,v1,1
BILL_DODGE,Invoice Dat e,line_date,date,v1,2
BILL_DODGE,Invoice#,original_invoice_number,string,v1,1
BILL_DODGE,Franchise,description_raw,string,v1,1
BILL_DODGE,Purchases,charge_amount,decimal,v1,1
BILL_DODGE,Payments,payment_amount,decimal,v1,1
BILL_DODGE,Balance,amount_remaining,decimal,v1,1
HEALEY,Date,line_date,date,v1,1
HEALEY,Invoice#,original_invoice_number,string,v1,1
HEALEY,PO#..,po_number,string,v1,1
HEALEY,Amount,charge_amount,decimal,v1,1
HEALEY,Balance,amount_remaining,decimal,v1,1
HEALEY,Age,age_in_days,integer,v1,1
OREILLY_AUTO_PARTS,DATE,line_date,date,v1,1
OREILLY_AUTO_PARTS,TRANS #,original_invoice_number,string,v1,1
OREILLY_AUTO_PARTS,PO #,po_number,string,v1,1
OREILLY_AUTO_PARTS,DESCRIPTION,description_raw,string,v1,1
OREILLY_AUTO_PARTS,INV AMOUNT,charge_amount,decimal,v1,1
OREILLY_AUTO_PARTS,OPEN AMOUNT,amount_remaining,decimal,v1,1
PARAGON,DATE,line_date,date,v1,1
PARAGON,ACTIVITY,original_invoice_number,string,v1,1
PARAGON,AMOUNT,charge_amount,decimal,v1,1
BC_TIRE,Date,line_date,date,v1,1
BC_TIRE,Ref #,original_invoice_number,string,v1,1
BC_TIRE,Loc#,description_raw,string,v1,1
BC_TIRE,Amount,charge_amount,decimal,v1,1
BC_TIRE,Payments,payment_amount,decimal,v1,1
BC_TIRE,Due Date,due_date,date,v1,1
BC_TIRE,Due,amount_remaining,decimal,v1,1
JACK_MADDEN_FORD,DATE,line_date,date,v1,1
JACK_MADDEN_FORD,DOCUMENT / TRANSACTION,original_invoice_number,string,v1,1
JACK_MADDEN_FORD,PURCHASES,charge_amount,decimal,v1,1
JACK_MADDEN_FORD,PAYMENTS & CREDITS,payment_amount,decimal,v1,1
JACK_MADDEN_FORD,BALANCE,amount_remaining,decimal,v1,1
SULLIVAN_TIRE,DATE,line_date,date,v1,1
SULLIVAN_TIRE,INVOICE NUMBER,original_invoice_number,string,v1,1
SULLIVAN_TIRE,CUSTOMER P.O. NUMBER,po_number,string,v1,1
SULLIVAN_TIRE,WORK ORD,work_order_number,string,v1,1
SULLIVAN_TIRE,COMMENT,description_raw,string,v1,1
SULLIVAN_TIRE,AMOUNT,charge_amount,decimal,v1,1
VIP_TIRES,Date,line_date,date,v1,1
VIP_TIRES,Document No.,original_invoice_number,string,v1,1
VIP_TIRES,PO Number,po_number,string,v1,1
VIP_TIRES,Code,transaction_code,string,v1,1
VIP_TIRES,Description,description_raw,string,v1,1
VIP_TIRES,Amount,charge_amount,decimal,v1,1
WHEELS_ON_SITE,DATE,line_date,date,v1,1
WHEELS_ON_SITE,DESCRIPTION,original_invoice_number,string,v1,1
WHEELS_ON_SITE,AMOUNT,charge_amount,decimal,v1,1
WHEELS_ON_SITE,OPEN AMOUNT,amount_remaining,decimal,v1,1
BOW_AUTO_PARTS_-_AUTOLY,date,line_date,date,v1,1
BOW_AUTO_PARTS_-_AUTOLY,type,transaction_code,string,v1,1
BOW_AUTO_PARTS_-_AUTOLY,reference_number,original_invoice_number,string,v1,1
BOW_AUTO_PARTS_-_AUTOLY,original_invoice_ref,invoice_number_ref,string,v1,1
BOW_AUTO_PARTS_-_AUTOLY,po_chk_number,po_number,string,v1,1
BOW_AUTO_PARTS_-_AUTOLY,description,description_raw,string,v1,1
BOW_AUTO_PARTS_-_AUTOLY,charged,charge_amount,decimal,v1,1
BOW_AUTO_PARTS_-_AUTOLY,paid,payment_amount,decimal,v1,1
BOW_AUTO_PARTS_-_AUTOLY,due,amount_remaining,decimal,v1,1
BISHOPS_USED_AUTO_PARTS,Date,line_date,date,v1,1
BISHOPS_USED_AUTO_PARTS,Store,description_raw,string,v1,1
BISHOPS_USED_AUTO_PARTS,Invoice #,original_invoice_number,string,v1,1
BISHOPS_USED_AUTO_PARTS,Reference,invoice_number_ref,string,v1,1
BISHOPS_USED_AUTO_PARTS,Amount,charge_amount,decimal,v1,1
BISHOPS_USED_AUTO_PARTS,Balance,amount_remaining,decimal,v1,1
CASCO_BAY_FORD,Invoice Date,line_date,date,v1,1
CASCO_BAY_FORD,Invoice#,original_invoice_number,string,v1,1
CASCO_BAY_FORD,PO Number,po_number,string,v1,1
CASCO_BAY_FORD,Purchases,charge_amount,decimal,v1,1
CASCO_BAY_FORD,Payments,payment_amount,decimal,v1,1
CASCO_BAY_FORD,Balance,amount_remaining,decimal,v1,1
FAULKNER,DATE,line_date,date,v1,1
FAULKNER,REFERENCE #,original_invoice_number,string,v1,1
FAULKNER,JOURNAL ID,transaction_code,string,v1,1
FAULKNER,COMPANY ID,description_raw,string,v1,1
FAULKNER,PURCHASES ($),charge_amount,decimal,v1,1
FAULKNER,PAYMENTS & CREDITS ($),payment_amount,decimal,v1,1
FAULKNER,BALANCE DUE ($),amount_remaining,decimal,v1,1
HEADLIGHTS_DEPOT,Date,line_date,date,v1,1
HEADLIGHTS_DEPOT,Description,original_invoice_number,string,v1,1
HEADLIGHTS_DEPOT,RO#,ro_number,string,v1,1
HEADLIGHTS_DEPOT,Charge,charge_amount,decimal,v1,1
HEADLIGHTS_DEPOT,Payment,payment_amount,decimal,v1,1
HEADLIGHTS_DEPOT,Balance,amount_remaining,decimal,v1,1
LEXUS_OF_EDISON,DATE,line_date,date,v1,1
LEXUS_OF_EDISON,UNLABELED_TRANSACTION_CODE,transaction_code,string,v1,1
LEXUS_OF_EDISON,DOCUMENT / TRANSACTION,original_invoice_number,string,v1,1
LEXUS_OF_EDISON,PURCHASES,charge_amount,decimal,v1,1
LEXUS_OF_EDISON,PAYMENTS & CREDITS,payment_amount,decimal,v1,1
LEXUS_OF_EDISON,BALANCE,amount_remaining,decimal,v1,1
LEXUS_OF_WARWICK,DATE,line_date,date,v1,1
LEXUS_OF_WARWICK,DOCUMENT,original_invoice_number,string,v1,1
LEXUS_OF_WARWICK,DESCRIPTION,description_raw,string,v1,1
LEXUS_OF_WARWICK,AMOUNT,charge_amount,decimal,v1,1
